<?xml version="1.0"?>  
<Employee>  
    <emp>  
        <id>1</id>  
        <name>Faisal</name>  
        <gender>Male</gender>  
        <mobile>514545</mobile> 
    </emp>  
    <emp>  
        <id>2</id>  
        <name>Bhavdip</name>  
        <gender>Male</gender>  
        <mobile>5431643</mobile>
    </emp>  
    <emp>  
        <id>3</id>  
        <name>Irshad</name>  
        <gender>Male</gender>  
        <mobile>43265436</mobile> 
    </emp>  
    <emp>  
        <id>4</id>  
        <name>Keyur</name>  
        <gender>Male</gender>  
        <mobile>5435431</mobile>
    </emp>  
    <emp>  
        <id>5</id>  
        <name>Tabish</name>  
        <gender>Male</gender>  
        <mobile>432656</mobile>  
    </emp>  
    <emp>  
        <id>6</id>  
        <name>Roy</name>  
        <gender>Male</gender>  
        <mobile>859632</mobile>  
    </emp> 
</Employee>